Workbook
Name ACTION: #REF!

Sheet Guideline
A1: Guideline to make and understand Unit Test Case
A3: 1. Overview
A4: - In the template, Unit test cases are based on functions. Each sheet presents test cases for one function.
A5: - Cover: General information of the project and Unit Test cases
A6: - FunctionList: The list of Classes and Functions in the document. + To control that the number of Unit TC meets customer's requirement or the norm, user should fill value for 'Normal number of Test cases/KLOC'.
A7: + Click on Function link to open the related Test cases of the function. Note: You should create new Function sheet before creating the link
A8: - Test Report: provive the overview results of Functions Unit test: Test coverage, Test successful coverage (Summary, for normal/abnormal/boundary cases)
A9: Note: Should check the formula of "Sub Total" if you add more functions
A11: 2. Content in Test function sheet
A12: 2.1 Combination of test cases.
A13: - To verify that number of Unit TC meets customer's requirement or not. User has to fill number LOC of tested function and fill value of 'Normal number test cases/KLOC' item in FunctionList sheet, which is required by customer or normal value. The number of lacked TC is shown in 'Lack of test cases' item.
A14: - If the number of Unit TC does not meet the requirement, creator should explain the reasons.
... A47: - Test requirement: Brief description about requirements which are tested in this function, it is not mandatory.

Sheet Cover
B2: UNIT TEST DOCUMENT
A4: Project Name | B4: Parking Building Management System | E4: Creator | F4: QuynhTNN4
A5: Project Code | B5: PBMS2026 | E5: Issue Date | F5: 26/05/2026
A6: Document Code | B6: PBMS_UTD_v1.0 | E6: Version | F6: 1
A9: Record of change
A10: Effective Date | B10: Version | C10: Change Item | D10: *A,D,M | E10: Change description | F10: Reference
A11: 46027 | B11: 0.1 | C11: Initial Unit Test Document | D11: A | E11: Created Unit Test Document template for Parking Building Management System project | F11: Software Requirement Specification (SRS) v1.0
A12: 46086 | B12: 0.2 | C12: Authentication Module | D12: A | E12: Added Unit Test Cases for Login, Logout, Forgot Password, and Role Authorization functions | F12: SRS v1.1, Use Case Document
A13: 46147 | B13: 0.3 | C13: Parking Slot Management | D13: A | E13: Added Unit Test Cases for Slot Creation, Slot Assignment, Slot Availability Validation | F13: Database Design Document
A14: 46208 | B14: 0.4 | C14: Vehicle Management Module | D14: A | E14: Added Unit Test Cases for Vehicle Registration, License Plate Validation, and Vehicle Type Classification | F14: Functional Specification v1.2
A15: 46300 | B15: 0.5 | C15: Billing & Payment Module | D15: A | E15: Added Unit Test Cases for Parking Fee Calculation, Peak Hour Pricing, and Payment Confirmation | F15: Business Rule Document
A16: 46361 | B16: 0.6 | C16: Notification System | D16: A | E16: Added Unit Test Cases for Email Notification and Subscription Reminder services | F16: API Integration Document
A17: 15/05/2026 | B17: 0.7 | C17: Security Validation | D17: M | E17: Updated Unit Test Cases for SQL Injection Prevention and Input Validation | F17: Security Requirement Document
A18: 18/05/2026 | B18: 0.8 | C18: Defect Fix Validation | D18: M | E18: Updated test results and fixed failed Unit Test Cases from previous review | F18: Bug Tracking Report
A19: 20/05/2026 | B19: 0.9 | C19: Test Coverage Update | D19: M | E19: Updated Unit Test coverage statistics and boundary/abnormal cases | F19: Unit Test Report
A20: 22/05/2026 | B20: 1 | C20: Final Release | D20: M | E20: Final review and approval of Unit Test Document before deployment | F20: Release Management Document

Sheet Functions
E2: Function List
A4: Project Name | E4: =Cover!B4 -> Parking Building Management System
A5: Project Code | E5: =Cover!B5 -> PBMS2026
A6: Normal number of Test cases/KLOC | E6: 100
A7: Test Environment Setup Description | E7: Windows 11 OS, Node.js v22, ReactJS Frontend, Supabase PostgreSQL Database, Visual Studio Code, Postman API Testing, Google Chrome Browser, Stable Internet Connection, GitHub Repository Access
A10: No | B10: Requirement Name | C10: Class Name | D10: Function Name | E10: Function Code(Optional) | F10: Sheet Name | G10: Description | H10: Pre-Condition
A11: 1 | B11: User Authentication | C11: AuthController | D11: login() | E11: FUNC_AUTH_001 | F11: LoginFunction | G11: Validate user login with username and password | H11: User account exists in database
A12: 2 | B12: User Authentication | C12: AuthController | D12: logout() | E12: FUNC_AUTH_002 | F12: LogoutFunction | G12: Validate logout and session termination | H12: User already logged into system
A13: 3 | B13: Password Recovery | C13: AuthService | D13: forgotPassword() | E13: FUNC_AUTH_003 | F13: ForgotPasswordFunction | G13: Validate password reset email process | H13: User email registered in system
A14: 4 | B14: Parking Slot Management | C14: ParkingSlotService | D14: createParkingSlot() | E14: FUNC_SLOT_001 | F14: CreateSlotFunction | G14: Create new parking slot information | H14: Admin account logged in
A15: 5 | B15: Parking Slot Management | C15: ParkingSlotService | D15: updateSlotStatus() | E15: FUNC_SLOT_002 | F15: UpdateSlotStatusFunction | G15: Update parking slot availability status | H15: Parking slot already exists
A16: 6 | B16: Vehicle Registration | C16: VehicleController | D16: registerVehicle() | E16: FUNC_VEHICLE_001 | F16: RegisterVehicleFunction | G16: Register customer vehicle into system | H16: Customer account available
A17: 7 | B17: Vehicle Validation | C17: VehicleService | D17: validateLicensePlate() | E17: FUNC_VEHICLE_002 | F17: ValidatePlateFunction | G17: Validate vehicle license plate format | H17: Vehicle input submitted
A18: 8 | B18: Vehicle Check-in | C18: CheckInService | D18: vehicleCheckIn() | E18: FUNC_CHECKIN_001 | F18: VehicleCheckInFunction | G18: Process vehicle check-in workflow | H18: Parking slot available
A19: 9 | B19: Vehicle Check-out | C19: CheckOutService | D19: vehicleCheckOut() | E19: FUNC_CHECKOUT_001 | F19: VehicleCheckOutFunction | G19: Process vehicle check-out workflow | H19: Vehicle currently checked in
A20: 10 | B20: Billing Management | C20: BillingService | D20: calculateParkingFee() | E20: FUNC_BILL_001 | F20: CalculateFeeFunction | G20: Calculate parking fee based on duration and pricing rules | H20: Vehicle checkout initiated
A21: 11 | B21: Billing Management | C21: BillingService | D21: applyPeakHourPricing() | E21: FUNC_BILL_002 | F21: PeakHourPricingFunction | G21: Apply peak-hour pricing policy | H21: Peak-hour pricing configured
A22: 12 | B22: Payment Processing | C22: PaymentService | D22: processPayment() | E22: FUNC_PAYMENT_001 | F22: ProcessPaymentFunction | G22: Validate customer payment transaction | H22: Parking fee generated
... A30: 20 | B30: Access Control | C30: RoleService | D30: validateUserPermission() | E30: FUNC_ROLE_001 | F30: UserPermissionFunction | G30: Validate role-based system permissions | H30: User authenticated

Sheet Statistics
A2: UNIT TEST REPORT
A4: Project Name | B4: =Cover!B4 -> Parking Building Management System | D4: Creator | F4: QuynhTNN4
A5: Project Code | B5: =Cover!B5 -> PBMS2026 | D5: Reviewer/Approver | F5: QA Lead / Project Manager
A6: Document Code | B6: PBMS2026_TestReport_v1.0 | D6: Issue Date | F6: 26/05/2026
A7: Notes | B7: Release 1 includes Authentication, Parking Slot Management, Vehicle Management, Billing, Payment, and Reporting modules
A11: No | B11: Function code | C11: Passed | D11: Failed | E11: Untested | F11: N | G11: A | H11: B | I11: Total Test Cases
A12: 1 | B12: FUNC_AUTH_001 | C12: 18 | D12: 1 | E12: 1 | F12: 15 | G12: 3 | H12: 2 | I12: 20
A13: 2 | B13: FUNC_SLOT_001 | C13: 14 | D13: 2 | E13: 0 | F13: 12 | G13: 2 | H13: 2 | I13: 16
A14: 3 | B14: FUNC_VEHICLE_001 | C14: 17 | D14: 1 | E14: 0 | F14: 14 | G14: 2 | H14: 2 | I14: 18
A15: 4 | B15: FUNC_CHECKIN_001 | C15: 19 | D15: 1 | E15: 0 | F15: 16 | G15: 2 | H15: 2 | I15: 20
A16: 5 | B16: FUNC_CHECKOUT_001 | C16: 18 | D16: 1 | E16: 1 | F16: 15 | G16: 3 | H16: 2 | I16: 20
A17: 6 | B17: FUNC_BILL_001 | C17: 16 | D17: 2 | E17: 0 | F17: 13 | G17: 3 | H17: 2 | I17: 18
A18: 7 | B18: FUNC_PAYMENT_001 | C18: 15 | D18: 1 | E18: 0 | F18: 12 | G18: 2 | H18: 2 | I18: 16
A19: 8 | B19: FUNC_REPORT_001 | C19: 13 | D19: 1 | E19: 1 | F19: 10 | G19: 2 | H19: 3 | I19: 15
A20: 9 | B20: FUNC_SECURITY_001 | C20: 17 | D20: 0 | E20: 1 | F20: 13 | G20: 3 | H20: 2 | I20: 18
A21: 10 | B21: FUNC_API_001 | C21: 14 | D21: 2 | E21: 0 | F21: 11 | G21: 3 | H21: 2 | I21: 16
B22: Boundary case | D22: =H16*100/I16 -> 10 | E22: %

Sheet Function 1
A2: Function Code | C2: FUNC_AUTH_001 | F2: Function Name | L2: login()
A3: Created By | C3: QuynhTNN4 | F3: Executed By | P3: QA team
A4: Lines of code | C4: 100 | F4: Lack of test cases | L4: =IF(Functions!E6<>"N/A",SUM(C4*Functions!E6/1000,- O7),"N/A") -> -5
A5: Test requirement | C5: Validate login functionality including authentication, input validation, exception handling, and system response for Parking Building Management System
A6: Passed | C6: Failed | F6: Untested | L6: N/A/B | O6: Total Test Cases
A7: =COUNTIF(F40:HQ40,"P") -> 12 | C7: =COUNTIF(F40:HQ40,"F") -> 2 | F7: =SUM(O7,- A7,- C7) -> 1 | L7: =COUNTIF(E39:HQ39,"N") -> 11 | M7: =COUNTIF(E39:HQ39,"A") -> 3 | N7: =COUNTIF(E39:HQ39,"B") -> 1 | O7: =COUNTA(E9:HT9) -> 15
F9: UTCID01 | G9: UTCID02 | H9: UTCID03 | I9: UTCID04 | J9: UTCID05 | K9: UTCID06 | L9: UTCID07 | M9: UTCID08 | N9: UTCID09 | O9: UTCID10 | P9: UTCID11 | Q9: UTCID12 | R9: UTCID13 | S9: UTCID14 | T9: UTCID15
A10: Condition | B10: Precondition
D11: Can connect with server
B14: Date
D15: 29 | F15: O | G15: O
D16: 30
D17: 31
B18: Month
D19: 2 | F19: O
D20: 3 | G20: O
D21: 4
B22: Year
D23: 2000 | F23: O
D24: 2009 | G24: O
A31: Confirm | B31: Return
D32: T | F32: O | G32: O
D33: F
B34: Exception
B36: Log message
D37: "success"
D38: "input1 is null"
A39: Result | B39: Type(N : Normal, A : Abnormal, B : Boundary) | F39: A | G39: N | H39: N | I39: N | J39: N | K39: B | L39: A | M39: N | N39: N | O39: N | P39: N | Q39: N | R39: A | S39: N | T39: N
B40: Passed/Failed | F40: P | G40: P | H40: P | I40: P | J40: P | K40: F | L40: F | M40: P | N40: P | O40: P | P40: P | Q40: P | S40: P | T40: P
B41: Executed Date | F41: 39139 | G41: 39139 | H41: 39140 | I41: 39141 | J41: 39142 | K41: 39143 | L41: 39144 | M41: 39145 | N41: 39146 | O41: 39147 | P41: 39148 | Q41: 39149 | R41: 39150 | S41: 39151 | T41: 39152
B42: Defect ID | K42: DFID002 | L42: DFID004 | M42: DFID005 | N42: DFID006 | O42: DFID007 | P42: DFID008 | Q42: DFID009 | R42: DFID010 | S42: DFID011 | T42: DFID012

Sheet Function 2
A2: Function Code | C2: =Functions!E11 -> FUNC_AUTH_001 | F2: Function Name | L2: =Functions!D11 -> login()
A3: Created By | C3: <Developer Name> | F3: Executed By
A4: Lines of code | C4: 300 | F4: Lack of test cases | L4: =IF(Functions!E6<>"N/A",SUM(C4*Functions!E6/1000,- O7),"N/A") -> 15
A5: Test requirement | C5: <Brief description about requirements which are tested in this function>
A6: Passed | C6: Failed | F6: Untested | L6: N/A/B | O6: Total Test Cases
A7: =COUNTIF(F40:HQ40,"P") -> 12 | C7: =COUNTIF(F40:HQ40,"F") -> 3 | F7: =SUM(O7,- A7,- C7) -> 0 | L7: =COUNTIF(E39:HQ39,"N") -> 12 | M7: =COUNTIF(E39:HQ39,"A") -> 2 | N7: =COUNTIF(E39:HQ39,"B") -> 1 | O7: =COUNTA(E9:HT9) -> 15
F9: UTCID01 | G9: UTCID02 | H9: UTCID03 | I9: UTCID04 | J9: UTCID05 | K9: UTCID06 | L9: UTCID07 | M9: UTCID08 | N9: UTCID09 | O9: UTCID10 | P9: UTCID11 | Q9: UTCID12 | R9: UTCID13 | S9: UTCID14 | T9: UTCID15
A10: Condition | B10: Precondition
D11: Can connect with server
B14: Input1
D15: "1"
D16: ""
D17: null
B18: Input2
D19: >=5 & <= 10
D20: 5
D21: 10
A31: Confirm | B31: Return
D32: 1
D33: 2
B34: Exception
B36: Log message
D37: "success"
D38: "input1 is null"
A39: Result | B39: Type(N : Normal, A : Abnormal, B : Boundary) | F39: N | G39: N | H39: N | I39: N | J39: N | K39: B | L39: A | M39: N | N39: N | O39: N | P39: N | Q39: N | R39: A | S39: N | T39: N
B40: Passed/Failed | F40: P | G40: P | H40: P | I40: P | J40: P | K40: F | L40: F | M40: P | N40: P | O40: P | P40: P | Q40: P | R40: F | S40: P | T40: P
B41: Executed Date | F41: 39139 | G41: 39139 | H41: 39140 | I41: 39141 | J41: 39142 | K41: 39143 | L41: 39144 | M41: 39145 | N41: 39146 | O41: 39147 | P41: 39148 | Q41: 39149 | R41: 39150 | S41: 39151 | T41: 39152
B42: Defect ID | K42: DFID002 | L42: DFID004 | M42: DFID005 | N42: DFID006 | O42: DFID007 | P42: DFID008 | Q42: DFID009 | R42: DFID010 | S42: DFID011 | T42: DFID012

Sheet Function3
A2: Function Code | C2: =Functions!E12 -> FUNC_AUTH_002 | F2: Function Name | L2: =Functions!D12 -> logout()
A3: Created By | C3: <Developer Name> | F3: Executed By
A4: Lines of code | C4: 300 | F4: Lack of test cases | L4: =IF(Functions!E6<>"N/A",SUM(C4*Functions!E6/1000,- O7),"N/A") -> 15
A5: Test requirement | C5: <Brief description about requirements which are tested in this function>
A6: Passed | C6: Failed | F6: Untested | L6: N/A/B | O6: Total Test Cases
A7: =COUNTIF(F40:HQ40,"P") -> 12 | C7: =COUNTIF(F40:HQ40,"F") -> 2 | F7: =SUM(O7,- A7,- C7) -> 1 | L7: =COUNTIF(E39:HQ39,"N") -> 12 | M7: =COUNTIF(E39:HQ39,"A") -> 2 | N7: =COUNTIF(E39:HQ39,"B") -> 1 | O7: =COUNTA(E9:HT9) -> 15
F9: UTCID01 | G9: UTCID02 | H9: UTCID03 | I9: UTCID04 | J9: UTCID05 | K9: UTCID06 | L9: UTCID07 | M9: UTCID08 | N9: UTCID09 | O9: UTCID10 | P9: UTCID11 | Q9: UTCID12 | R9: UTCID13 | S9: UTCID14 | T9: UTCID15
A10: Condition | B10: Precondition
D11: Can connect with server
B14: Input1
D15: "1"
D16: ""
D17: null
B18: Input2
D19: >=5 & <= 10
D20: 5
D21: 10
A31: Confirm | B31: Return
D32: 1
D33: 2
B34: Exception
B36: Log message
D37: "success"
D38: "input1 is null"
A39: Result | B39: Type(N : Normal, A : Abnormal, B : Boundary) | F39: N | G39: N | H39: N | I39: N | J39: N | K39: B | L39: A | M39: N | N39: N | O39: N | P39: N | Q39: N | R39: A | S39: N | T39: N
B40: Passed/Failed | F40: P | G40: P | H40: P | I40: P | J40: P | K40: F | L40: F | M40: P | N40: P | O40: P | P40: P | Q40: P | S40: P | T40: P
B41: Executed Date | F41: 39139 | G41: 39139 | H41: 39140 | I41: 39141 | J41: 39142 | K41: 39143 | L41: 39144 | M41: 39145 | N41: 39146 | O41: 39147 | P41: 39148 | Q41: 39149 | R41: 39150 | S41: 39151 | T41: 39152
B42: Defect ID | K42: DFID002 | L42: DFID004 | M42: DFID005 | N42: DFID006 | O42: DFID007 | P42: DFID008 | Q42: DFID009 | R42: DFID010 | S42: DFID011 | T42: DFID012

Sheet Example
A2: Function Code | C2: =Functions!#REF! -> #REF! | F2: Function Name | L2: =Functions!#REF! -> #REF!
A3: Created By | C3: <Developer Name> | F3: Executed By
A4: Lines of code | C4: 100 | F4: Lack of test cases | L4: =IF(Functions!E6<>"N/A",SUM(C4*Functions!E6/1000,- O7),"N/A") -> -5
A5: Test requirement | C5: <Brief description about requirements which are tested in this function>
A6: Passed | C6: Failed | F6: Untested | L6: N/A/B | O6: Total Test Cases
A7: =COUNTIF(F47:HQ47,"P") -> 0 | C7: =COUNTIF(F47:HQ47,"F") -> 0 | F7: =SUM(O7,- A7,- C7) -> 15 | L7: =COUNTIF(E46:HQ46,"N") -> 0 | M7: =COUNTIF(E46:HQ46,"A") -> 0 | N7: =COUNTIF(E46:HQ46,"B") -> 0 | O7: =COUNTA(E9:HT9) -> 15
F9: UTCID01 | G9: UTCID02 | H9: UTCID02 | I9: UTCID02 | J9: UTCID02 | K9: UTCID02 | L9: UTCID07 | M9: UTCID08 | N9: UTCID09 | O9: UTCID10 | P9: UTCID11 | Q9: UTCID12 | R9: UTCID13 | S9: UTCID14 | T9: UTCID15
A10: Condition | B10: Precondition
B14: a
D15: -2 | F15: O
D16: -1 | L16: O
D17: 0 | G17: O | H17: O | I17: O
D18: 1 | J18: O | K18: O
B19: b
D20: 0 | G20: O | H20: O
D21: -2 | J21: O | K21: O | L21: O
D22: 2 | I22: O
B23: c
D24: 0 | G24: O
D25: 1 | H25: O | I25: O | J25: O
D26: 3 | L26: O
D27: 5 | K27: O
A33: Confirm | B33: Return
B34: list
D35: null | F35: O | H35: O | K35: O
D36: size = 0 | G36: O
D37: {-1/2} | I37: O
D38: {1,1} | J38: O
D39: {1,-3} | L39: O
B40: Exception
B42: Log message
D43: "please input a>= -1" | F43: O
A45: Result | B45: Type(N : Normal, A : Abnormal, B : Boundary) | F45: A | G45: N | H45: N | I45: N | J45: N | K45: N | L45: B
B46: Passed/Failed
B47: Executed Date | F47: 39139 | G47: 39139 | H47: 39139 | I47: 39139 | J47: 39139 | K47: 39139 | L47: 39144
B48: Defect ID
